{"cameraMode":{"drawMode":0,"name":"Shaded","section":"Shading Mode"},"sceneLighting":true,"audioPlay":false,"sceneViewState":{"showFog":true,"showMaterialUpdate":false,"showSkybox":true,"showFlares":true,"showImageEffects":true,"showParticleSystems":true},"in2DMode":false,"pivot":{"x":18.193511962890626,"y":10.830240249633789,"z":-23.424312591552736},"rotation":{"x":-0.19621390104293824,"y":0.08839226514101029,"z":-0.017781846225261689,"w":-0.9764363765716553},"size":14.525960922241211,"orthographic":false}